name,url
1956 Individuals,https://www.1956individuals.ai
365 Retail,https://www.365retail.co.uk
3D Cloud,https://3dcloud.com/
42Gears,https://www.42gears.com/
7Learnings,https://7learnings.com/
8x8/Global Telecom Networks,https://globaltelecomnetworks.com/
Absolute Intelligence,http://www.absoluteintelligenceuk.com
AbsoluteLabs,https://www.absolutelabs.co/
Acora,https://acora.com/
ADVANTECH–AURES UK,https://www.advantech-aures.com/uk
Advarics,https://advarics.net/en/
Adyen,https://www.adyen.com
Aiperia,https://aiperia.com/en/
Airia,https://www.airia.com
Akeneo,https://www.akeneo.com/
Algolia,https://www.algolia.com/
Alphacath,https://www.retailtechnologyshow.com/exhibitors/alphacath
American Express,https://www.americanexpress.com/en-gb/
Amethyst Risk Management,https://amethystrisk.com/
Anhui Yutu,https://www.epaint.global
ANT USA,https://www.antusa.com
Apadmi,https://www.apadmi.com/?utm_source=retailtechshow&utm_medium=profile&utm_campaign=rts
APG Solutions,https://apgsolutions.com
Aptos,https://www.aptos.com/
Arista Network UK,https://www.arista.com/en/
armourdog,https://armourdog.com
ASEL,https://asel.co.uk/
AsReader,https://www.asreader.com/
Augur,https://www.augur.ml
Aura Futures,https://aurafutures.com/retail-media-networks/
AURA VISION,https://www.auravision.ai/
Auror Europe,https://www.auror.co/
Aurus Inc,https://www.aurusinc.com
Autoaddress,https://autoaddress.com/
Avery Berkel,https://www.averyberkel.com
Avery Dennison,https://graphics.averydennison.eu/en/home.html
Axonify,https://axonify.com/
Azoma,https://www.ecomtent.ai/
Barron McCann,https://barronmccann.com/
Base.com,https://www.retailtechnologyshow.com/exhibitors/basecom
BDR Voice & Data Solutions,https://www.retailtechnologyshow.com/exhibitors/bdr-voice-data-solutions
Bistech,https://bistech.co.uk/
Bites Learning Ltd,https://www.mybites.io
BIXOLON,http://www.BixolonEU.com
Bizerba,https://www.bizerba.com/gb/en
Black Box,https://www.blackbox.com
BloomReach,https://www.bloomreach.com/en
Blue Yonder,https://blueyonder.com/
Bluestone,https://www.bluestonepim.com/
BOARD,https://www.board.com/retail
BOXTEC,https://boxtechnologies.com/
Braemac,https://www.braemac.com/
Brambles,https://www.brambles.com/
Brame AG,https://brame.io
Brevo,https://www.brevo.com
Brink's Solutions,https://brinks-international.com/
BrOne,https://www.broneconsulting.com/
Business France,http://www.businessfrance.fr/en/home
Buy Buddy,https://www.buybuddy.co/
Byways Group,https://www.byways.com/
CACI,https://www.caci.co.uk/
Capestone,https://capestone.com/en/
Castles Technology,https://www.castlestech.com/
CCL Tech SAS,https://www.cclpos.com
CDW,https://www.uk.cdw.com/sectors/retail/
Cegid,https://www.cegid.com/global/solutions/retail-and-distribution/
Celonis,https://www.celonis.com/
Cennox,http://www.cennox.com
Centric Software,https://www.centricsoftware.com/
Changebox,https://changeboxes.com
Checkpoint,https://checkpointsystems.com
China Mobile international UK,https://www.cmi.chinamobile.com/en/
Chirp protect,https://chirp-protect.com
Cipherlab,https://www.cipherlab.com/
ClarityRFID,https://www.sml.com/item-level-rfid/
Clevertouch,https://www.retailtechnologyshow.com/exhibitors/clevertouch
Climber,https://www.climberbi.co.uk
Cloud Combinator,https://www.retailtechnologyshow.com/exhibitors/cloud-combinator
Cloz,https://www.cloz-smartcloset.com/
Commerce Futures,https://www.commerce-futures.com
Commercetools,https://commercetools.com/
Communicate Technology,https://communicate.technology
Connors Group,https://connorsllc.com/
Contentful,https://www.contentful.com
Coveo,https://www.coveo.com
Creative CX,https://www.creative-cx.com/
Cust2Mate,https://cust2mate.com/
Dacoll,https://dacollgroup.co.uk/
Datalogic,https://www.datalogic.com/
Datascan,https://datascan.com/
Datecs,http://datecs.co.uk/
Deliverect,https://www.deliverect.com/en-gb/deliverect-retail
DeSL,https://www.desl.net
Diebold Nixdorf,https://www.dieboldnixdorf.com/en-us/
Diggecard,https://diggecard.com
Digi International,http://www.digi.com/im
Diller AS,https://www.diller.io
Discover,https://www.discoverglobalnetwork.com/our-network/our-unique-network/
DNA Payments,https://dnapayments.com/
DRSR,https://drsrdresser.com/
Duvo,https://www.duvo.ai/
Ecommpay,https://ecommpay.com/
Ecrebo,https://www.ecrebo.com/
Elavon,https://www.elavon.co.uk/
Eliya,https://eliya.io
Elo,https://www.elotouch.co.uk/
eLocker,https://www.elocker.com/
Epoint,https://epointltd.com/
Epson,https://www.epson.co.uk/
Ergonomic Solutions,https://ergonomic.solutions/
Ericsson,https://www.retailtechnologyshow.com/exhibitors/ericsson
ESET Software UK,https://www.eset.com/uk/
ETAG-TECHNOLOGY,https://www.retailtechnologyshow.com/exhibitors/etag-technology
Everseen,https://www.everseen.ai
Evolve,https://www.evolvebg.co.uk/
Exactly.com,https://exactly.com/
EXL SERVICE UK,https://www.retailtechnologyshow.com/exhibitors/exl-service-uk
Extreme Networks,https://www.extremenetworks.com
Facewatch,https://www.facewatch.co.uk
First Response,https://first-response.co.uk
Fiskal Trust,https://fiskaltrust.eu/
Flooid,https://www.flooid.com
FloxMind,https://www.retailtechnologyshow.com/exhibitors/floxmind
Formbar,https://www.marsanz.es
ForPOS,https://www.forpos.co.uk/
Freak Holdings,https://freakout.ai/
FreedomPay,https://corporate.freedompay.com/
Frequentiel,https://frequentiel.com/
Front Systems AS,https://www.frontsystems.com/
GEBIT Solutions,https://www.gebit.de/en/homepage
GetPos,https://www.getpos.uk
GK Software,https://www.gk-software.com/us/
Glanceable,https://www.glanceable.io/en
Global Payments,https://www.globalpayments.com/en-gb
Globalgig,https://globalgig.com
Glory Global,https://www.glory-global.com/en-gb/
GoFact,https://gofact.net/
Grosvenor Technology,https://www.grosvenortechnology.com/
GS1 UK,https://www.gs1uk.org/
Hanshow,https://www.hanshow.com
Havis,https://www.havis.com/about-havis/our-products/retail-hospitality/
HelloFresh,https://hellofresh.co.uk
Hemisphere West Europe,https://hweurope.com/
Hexnode,https://www.hexnode.com/
Highlight SLM,https://highlight.net/
Hikvision,https://www.hikvision.com/uk/
HiStone,https://www.hics.histonetec.com/
HLR Lookup,https://www.hlrlookup.com/
Honeywell,https://www.retailtechnologyshow.com/exhibitors/honeywell
Howden,https://www.howdengroup.com/uk-en/insurance/cyber-insurance
HP,https://www.hp.com/us-en/solutions/pos-systems.html
HSS ProService,https://www.hssproservice.com/
Hypervsn,https://hypervsn.com
Hytera Communications,https://www.hytera.com/eu/
IBASE Technology,https://www.ibase-europe.com
IBM,https://www.ibm.com/uk-en
Iiyama International,https://www.iiyama.com
iMin Technology,https://www.imin.com
Imperia,https://imperiascm.com/en-gb
Infios,https://www.infios.com/en
Ingenico,https://ingenico.com/en
Innovative Technology,https://www.innovative-technology.com
Instacart,https://www.instacart.com/
IntelliQA,https://www.intelliqa.co.uk/
invent.ai,https://www.invent.ai/
io-gen Efficiency,https://www.io-gen.com
io.tt,https://io.tt/
IP Cortex,http://www.ipcortex.co.uk
IP Integration,https://ipintegration.com/?utm_campaign=310460634-Retail%20Technology%20Show%202026&amp;utm_source=exhibitor-profile
iRetailCheck,https://www.iretailcheck.com
Island Pacific,https://www.islandpacific.com
JPL Telecom,https://www.retailtechnologyshow.com/exhibitors/jpl-telecom
Kaizen Technology,https://www.kaizenloyalty.com
Kelsius,https://www.retailtechnologyshow.com/exhibitors/kelsius
Kerv Group,https://www.retailtechnologyshow.com/exhibitors/kerv-group
KFP Total IT Solutions,https://www.kfpit.com
Khaos Control,https://www.khaoscontrol.com/
Kivos,https://www.kivos.ai/
Kleep,https://kleep.ai
KPMG Dash,https://kpmgdash.co.uk/#/home
Kyndryl,https://www.kyndryl.com/gb/en
Legion Technologies,https://legion.co/
Lexmark International,https://www.lexmark.com/en_gb/solutions/retail.html
Lighthouse,https://www.lighthouse.uk.com
Lloyds Bank,https://www.lloydsbank.com/business/home.html
Logile,https://www.logile.com
Loweconex,https://loweconex.com/
Loxa,https://www.retailtechnologyshow.com/exhibitors/loxa
LS Retail,https://www.lsretail.com
Maintel,https://maintel.co.uk/
Manhattan Associates,https://www.manh.com/en-gb
March Networks,https://www.retailtechnologyshow.com/exhibitors/march-networks
Market Dial,https://www.marketdial.com
Markmi,https://markmi.ai/
MBL Solutions,https://www.retailtechnologyshow.com/exhibitors/mbl-solutions
MCube,https://mcubedigital.com/
Media Group,https://www.digital-screens.co.uk
Metreecs,https://www.metreecs.com
Metswin Group,http://www.szxdpospaper.com
MHR Global,https://www.retailtechnologyshow.com/exhibitors/mhr-global
Mobile Data Collection,https://mdc-ltd.com/
Mobilis,https://datacapture.mobiliscase.com/en/
monday.com,https://monday.com/
Motives AI,https://www.motives.ai/
Motorola Solutions,https://www.motorolasolutions.com
MRI Software,https://www.mrisoftware.com/uk/retail-occupiers/
My People Counter,https://www.mypeoplecounter.com
NashTech,https://www.nashtechglobal.com
Nasstar,https://www.nasstar.com/
Navarra Retail Systems,https://navarraretailsystems.com
Nayax,https://www.nayax.com
NeoSOFT,https://www.neosofttech.com
Netmore Group,https://www.netmoregroup.com
Neuralk-AI,https://www.neuralk-ai.com/
Newland AIDC,https://www.newland-id.com/en
Newland Payment,https://www.newlandnpt.com/
Newpos Tech,https://www.newpostech.com
NewStore,https://www.newstore.com
Nextgen Technology,https://www.nextgen-technology.com
NMI,https://www.nmi.com
Node4,https://node4.co.uk
NOS d.o.o.,https://www.qrsalesassistant.eu/
Novo Onboard Retail,https://www.onboard-retail.com
Oak Engage,https://www.oak.com/
Ocasta,https://ocasta.com
Octave,https://www.octave.lk/
Omnissa,https://www.omnissa.com
OneStock,https://www.onestock-retail.com/en/
Opterus,https://www.opterus.com
Optimum Retailing,https://optimumretailing.com/
Orquest Software,https://orquest.com/en/
Oxhoo UK,https://oxhoo.com/
Paddington Robotics,https://paddington-robotics.com/
Pan Oston,https://panoston.co.uk/
Partner Tech UK,https://www.partnertechcorp.com/uk/
Partron,https://www.partronesl.com/en/
Patchworks,https://www.retailtechnologyshow.com/exhibitors/patchworks
PAX Technology,https://www.paxtechnology.com
PAYA Group,https://www.payagateway.com/retailtechnologyshow.html
Peak AI,https://peak.ai
Peak Technologies,https://www.peaktech.co.uk/
PervasID,https://pervasid.com
Peter Jones ILG,https://www.peterjonesilg.co.uk
PFM,https://www.pfm-intelligence.com
PiAI Solutions,https://piaisolutions.com/
Pickitoo,https://www.pickitoo.com/
PiiVO,https://www.piivo.com/
Plan IT Retail,https://www.planitretail.co.uk
PMC,https://pmccommerce.com/
Podloc,https://falcona.co.uk/
Poindus Systems,http://www.poindus.com
Point Mobile,https://www.pointmobile.com
POSPOLE,https://pospole.net/
Price Trakker,https://www.pricetrakker.com
Pricer,https://www.pricer.com
PricingHUB,https://www.pricinghub.net/
PRO.display,https://prodisplay.ai/en/
ProductIP (UK),http://www.productip.com
Profitmind,https://www.profitmind.com/
ProGlove,https://proglove.com/
PropTexx,https://www.proptexx.com
Proximity,https://www.proximityinsight.com/
Pufferfish Displays,https://Pufferfish.com
Purple Dot,https://www.getpurpledot.com/
Qcom Technology,https://www.qcom.co.uk/
Quail Digital,https://www.quaildigital.com/
QuantumEye,https://www.retailtechnologyshow.com/exhibitors/quantumeye
Quicklizard,https://quicklizard.com/
Quinyx,https://www.quinyx.com/en-gb/
Quorso,https://www.quorso.com
Recyclever,https://www.recyclever.com
Red Ant,https://www.redant.com
Red Hat,https://www.redhat.com/en
refive,https://www.refive.io
Refreshment Systems,https://www.refreshmentsystems.co.uk/
Relesys,https://www.relesys.net/?utm_source=EXHLINK&utm_id=RTC2022
Retail & Asset Solutions (RAS),https://www.retailassetsolutions.com/
Retail Advantage,https://www.retailadvantage.co.uk
Retail Express,https://www.retailexpress.com
Retail Innovation Club,https://www.retailtechnologyshow.com/exhibitors/retail-innovation-club
Retail IT,https://www.retailit.com/
Retail Manager Solutions,https://www.metrofy.com
Retail Systems,https://www.retail-systems.com
Retail Technology Innovation Hub RTIH,https://www.retailtechinnovationhub.com
Retail247,https://retail247.com/
RetailNext,https://www.retailnext.net
ReThink Productivity,https://www.rethinkproductivity.co.uk
Reveal Media,https://www.retailtechnologyshow.com/exhibitors/reveal-media
RGIS Inventory Specialists,https://www.rgis.co.uk
Ricoh UK,https://www.ricoh.co.uk/
Roke,https://www.retailtechnologyshow.com/exhibitors/roke
Roq,https://www.retailtechnologyshow.com/exhibitors/roq
Rotageek,https://www.rotageek.com/
Rubick.ai,https://rubick.ai
RWL Advanced Solutions,https://www.rwlas.com/
SafetyCulture,https://safetyculture.com/retail
SAI Group,https://saigroups.com
SAIZ,https://www.saiz.io/
Saledock,https://saledock.com
SAP Products,https://www.sappinternational.com
SATO,https://www.satoeurope.com
Scala,https://www.scala.com/en/
Scalar Vision,https://scalarvision.com
Scale Computing,https://www.scalecomputing.com/
Scanbot SDK by Apryse,https://scanbot.io/
Sci-Net Business Solutions,https://www.sci-net.co.uk
Scurri,https://www.scurri.com/
Seen.io,https://seen.io
SEiNG,https://seing.cloud/
Selectamark Security Systems,https://www.retailtechnologyshow.com/exhibitors/selectamark-security-systems-plc
Sendbird,https://delight.ai/
Sensormatic,https://www.sensormatic.com/
Shepper,https://www.shepper.com
Shift4,https://www.shift4.com
Shopopop,https://www.shopopop.com/en-gb
ShopSafe,https://www.shopsafe.io/
ShopWorks,https://www.theshopworks.com/
SignVideo,https://signvideo.co.uk
SignWow,https://www.retailtechnologyshow.com/exhibitors/signwow
Simbe Robotics,https://www.retailtechnologyshow.com/exhibitors/simbe-robotics
SimpleMDG,https://simplemdg.com/
Sitoo,https://www.sitoo.com
Sky Business,https://cloud.info.skyforbusiness.com/retail
SLACE,https://www.slace.com
Slip,https://www.slipreceipts.com
Smart Information Technologies,https://www.retailtechnologyshow.com/exhibitors/smart-information-technologies
SmartCo Consulting,https://smart-co.co.uk/
Sofco,https://www.retailtechnologyshow.com/exhibitors/sofco-z2am
Solink,https://www.solink.com
SOLUM,https://www.solumesl.com
SolvedBy.Ai,https://www.solvedby.ai
Sona,https://www.getsona.com/
Sony Europe,https://pro.sony/en_GB/corporate/corporate-solutions/bravia-professional-displays-retail
SOTI,https://www.soti.net
Sparta Loyalty,http://www.spartaloyalty.com/
Sprout Social,https://www.retailtechnologyshow.com/exhibitors/sprout-social
SPS Commerce,https://www.spscommerce.com/eur/
Staffwise,https://staffwise.io/solutions/retailwise/
Star Micronics,https://Star-EMEA.com/
StarPal,https://starpal.ai
StoreForce,https://storeforcesolutions.com/
Storespace Insights,https://storespaceinsights.com/
Storm Interface,https://www.storm-interface.com/
StrongPoint,https://www.strongpoint.com
Stuart Delivery,https://stuart.com/
SUNMI,https://www.sunmi.com/en-US/
Synology UK,https://www.synology.com/en-uk
TAG Company UK,https://www.tagcompany.com
Teamwork Commerce,http://www.teamworkcommerce.com
Technology Recovery Group,https://trgsolutions.uk/
Tekdis,https://www.tekdis.co.uk
The Barcode Warehouse,https://www.thebarcodewarehouse.co.uk/industry/retail/
The Pennies Foundation,https://pennies.org.uk
TNS,https://tnsi.com/solutions/payments/
Toshiba,https://commerce.toshiba.com/
TP-Link,https://www.omadanetworks.com/uk/
TPP Retail,https://www.tppretail.com/
Trust Retail,https://www.linkedin.com/showcase/trust-retail/
TSC Auto ID,https://emea.tscprinters.com/en
Tulip.io Inc,https://www.tulip.com
TVS SCS,https://www.tvsscs.com
Uber Direct,https://t.uber.com/uber_direct
UKG,https://www.ukg.co.uk/
Urovo Europe,https://urovo-emea.com/
UWorx,https://uworx.co.uk
Validator Safes,http://www.validatorsafes.com
Varlink,https://www.varlink.co.uk/
VARS Technology,https://varstechnology.co.uk
Verifone,https://www.verifone.com/en/uk
Vespa.ai,https://vespa.ai/industries/digital-commerce/?utm_source=retail_technology_show&amp;utm_medium=sponsorship&amp;utm_campaign=retail_technology_show&amp;utm_content=event_link
Vestir Technologies,https://vestir.ai/
Videri Inc,https://videri.com/
Virtualstock,https://www.virtualstock.com/
Vista Technology Support,https://www.vistasupport.com
Visualsoft,https://www.visualsoft.co.uk/
Viva.com,https://www.viva.com/en-gb
VoCoVo,https://www.vocovo.com/
Volumatic,https://volumatic.com/
VRAiA,https://www.vraia.com
Vusion,https://www.vusion.com
Vyntelligence,https://vyntelligence.com/industry/retail
WestarPOS,https://westarpos.com/
Wink Suite,https://www.winksuite.com
Workforce.com,https://workforce.com/uk
WorkJam,https://www.workjam.com/
Worldline,https://worldline.com/en/home/main-navigation/solutions/merchants/one-commerce.html
Worldpay,https://www.worldpay.com/en-gb/
Wursta Technology of Ireland,https://wursta.com/
x-hoppers,https://www.x-hoppers.com/
XAC Automation Corporation,http://www.xac.com.tw
Xiatech,https://www.xiatech.io
Yocuda Digital Receipts,https://yocuda.com/
YOOBIC,https://www.yoobic.com
Zappar,https://www.zappar.com
Zeal,https://s.getzeal.io/rts
Zebra Technologies,https://www.zebra.com/gb/en.html
Zipline,https://getzipline.com/
ZKONG NETWORKS,https://www.zkong.com
Zyntrix,https://www.zyntrix.io/
